index,shot_no,t_D,t_0,t_root,t_f,diff
35604,176542,6.364500045776367,0.1235,0.1305,6.367,-6.241
37165,178505,6.999750137329102,3.431,3.43425,3.43875,-3.5687501
38880,180284,5.643750190734863,2.98525,2.991,5.6485,-2.6585002
38755,180159,2.277750015258789,0.1465,0.15425,2.27975,-2.13125
37649,179000,1.0379999876022339,0.09,0.10175,0.2905,-0.94799995
36674,177988,0.9629999995231628,0.21025,0.21675,1.006,-0.75275
36050,177046,1.4257500171661377,0.7075,0.71,0.71325,-0.71825004
36677,177991,0.9290000200271606,0.213,0.21925,0.95275,-0.716
37318,178661,1.3737499713897705,0.71525,0.71725,0.7205,-0.65849996
36041,177037,1.2792500257492065,0.70725,0.70975,0.71275,-0.572
36042,177038,1.2692500352859497,0.70775,0.7105,0.71475,-0.5615
36676,177990,0.949999988079071,0.412,0.4185,0.9555,-0.538
36040,177036,1.2412500381469727,0.707,0.70925,0.7125,-0.53425
37296,178638,0.8867499828338623,0.45225,0.46025,0.8905,-0.43449998
38013,179379,7.3807501792907715,6.9735,6.9785,7.383,-0.4072504
37246,178587,1.7142499685287476,1.33425,1.34375,1.71825,-0.38
38448,179816,3.4232499599456787,3.10525,3.11025,3.1185,-0.31800008
38445,179813,3.6549999713897705,3.338,3.3435,3.34825,-0.3169999
37908,179264,4.317749977111816,4.00575,4.0085,4.0185,-0.3119998
35589,176527,5.348499774932861,5.08225,5.09125,5.35125,-0.26624966
37025,178346,5.721499919891357,5.484,5.49025,5.49675,-0.23749971
36870,178191,6.307750225067139,6.1375,6.14625,6.31025,-0.17025042
36756,178077,0.6869999766349792,0.525,0.533,0.5385,-0.162
37903,179259,3.891249895095825,3.73225,3.73475,3.89575,-0.15899992
35590,176528,6.436999797821045,6.28975,6.29975,6.439,-0.1472497
35491,176429,5.879749774932861,5.737,5.74825,5.88375,-0.14274979
38290,179658,5.343999862670898,5.26325,5.2695,5.34725,-0.08074999
38345,179713,5.390500068664551,5.313,5.3215,5.3305,-0.07749987
38281,179649,5.370500087738037,5.3035,5.3125,5.32,-0.06699991
35679,176674,5.106249809265137,5.04175,5.04825,5.1085,-0.064499855
38907,180311,5.207250118255615,5.1455,5.15325,5.2095,-0.061749935
38798,180202,1.9272500276565552,1.8685,1.87575,1.92925,-0.058750033
38905,180309,3.5547499656677246,3.5005,3.51025,3.55625,-0.054250002
36000,176996,3.160749912261963,3.108,3.11125,3.11725,-0.052749872
36006,177002,2.8092501163482666,2.757,2.7675,2.81125,-0.052250147
37621,178972,5.737750053405762,5.686,5.69275,5.73975,-0.051750183
37990,179356,5.475500106811523,5.42675,5.4335,5.4795,-0.048749924
38050,179416,3.7850000858306885,3.73925,3.7455,3.78675,-0.04575014
38339,179707,5.39300012588501,5.35125,5.3605,5.39575,-0.041749954
38340,179708,5.375500202178955,5.33525,5.3465,5.38175,-0.0402503
38010,179376,3.9214999675750732,3.88125,3.8855,3.92525,-0.040250063
38335,179703,5.322000026702881,5.28175,5.28625,5.3265,-0.040249825
37994,179360,4.508999824523926,4.46925,4.4735,4.51225,-0.039749622
38035,179401,4.667250156402588,4.631,4.636,4.66875,-0.036250114
38286,179654,5.33050012588501,5.29525,5.302,5.33475,-0.035250187
39040,180449,7.078750133514404,7.04425,7.05075,7.082,-0.034500122
38289,179657,5.288000106811523,5.25375,5.26275,5.29125,-0.03425026
38002,179368,3.6530001163482666,3.62025,3.62375,3.6565,-0.03275013
37961,179327,4.230000019073486,4.19775,4.20125,4.23375,-0.032249928
38283,179651,5.350500106811523,5.319,5.325,5.35325,-0.03150034
38353,179721,5.389999866485596,5.35875,5.365,5.39175,-0.03125
38341,179709,5.343999862670898,5.31425,5.3195,5.348,-0.02974987
38342,179710,5.395999908447266,5.36775,5.3775,5.40125,-0.02824974
37730,179081,1.8842500448226929,1.8565,1.8615,1.88575,-0.027750015
38343,179711,5.4085001945495605,5.38175,5.392,5.413,-0.026750088
38722,180124,2.3262500762939453,2.30025,2.3065,2.329,-0.026000023
38293,179661,5.166250228881836,5.14025,5.145,5.17025,-0.026000023
37964,179330,2.4165000915527344,2.391,2.3955,2.41975,-0.02550006
38292,179660,5.350249767303467,5.32475,5.33,5.354,-0.02549982
36018,177014,4.222750186920166,4.1985,4.20675,4.22425,-0.02425003
38040,179406,2.0067501068115234,1.98325,2.0055,2.00975,-0.023500085
38897,180301,3.6262500286102295,3.60275,3.62475,3.62975,-0.023499966
38451,179819,3.3852500915527344,3.3625,3.3665,3.38925,-0.02275014
35656,176651,0.5630000233650208,0.54025,0.55075,0.5645,-0.02275002
37948,179314,6.609499931335449,6.587,6.60625,6.61125,-0.022500038
35750,176745,5.806250095367432,5.784,5.79,5.81325,-0.022250175
37991,179357,3.877000093460083,3.8555,3.861,3.88075,-0.02150011
38034,179400,4.754749774932861,4.7335,4.7545,4.7585,-0.021249771
38294,179662,5.255249977111816,5.23425,5.24375,5.257,-0.020999908
36002,176998,2.466749906539917,2.44625,2.4545,2.47025,-0.020499945
38287,179655,5.281000137329102,5.26075,5.266,5.284,-0.02025032
38288,179656,5.213500022888184,5.1935,5.19975,5.218,-0.01999998
38941,180347,5.369999885559082,5.35025,5.36775,5.372,-0.019750118
37728,179079,5.291250228881836,5.2715,5.291,5.2945,-0.019750118
35785,176780,6.0022501945495605,5.9825,5.999,6.005,-0.019750118
38033,179399,4.766749858856201,4.7475,4.7655,4.7695,-0.019249916
37981,179347,4.192999839782715,4.174,4.193,4.197,-0.019000053
35599,176537,6.3354997634887695,6.3165,6.336,6.34,-0.018999577
38116,179482,5.329999923706055,5.31125,5.32,5.33375,-0.018749714
37373,178716,4.767250061035156,4.749,4.7665,4.77075,-0.018249989
38284,179652,5.384500026702881,5.36625,5.3805,5.387,-0.018249989
37593,178936,2.1872498989105225,2.16925,2.187,2.19175,-0.017999887
37361,178704,4.5682501792907715,4.5505,4.56375,4.57125,-0.017750263
38336,179704,5.260000228881836,5.2425,5.24925,5.26375,-0.0175004
37367,178710,4.795249938964844,4.77775,4.79475,4.79925,-0.017499924
36024,177020,2.6137499809265137,2.59625,2.60275,2.61575,-0.017499924
37698,179049,4.601749897003174,4.58425,4.598,4.60375,-0.017499924
38041,179407,2.645250082015991,2.628,2.64425,2.6485,-0.017250061
36021,177017,2.6997499465942383,2.68275,2.69125,2.70175,-0.01699996
37772,179126,3.849250078201294,3.8325,3.849,3.85375,-0.016750097
37749,179103,5.240749835968018,5.224,5.24025,5.2445,-0.016749859
37105,178444,5.312749862670898,5.29625,5.30675,5.31575,-0.016499996
37107,178446,5.451749801635742,5.43525,5.451,5.45625,-0.016499996
38300,179668,5.262499809265137,5.24625,5.2615,5.26575,-0.016249657
37982,179348,3.7825000286102295,3.7665,3.7815,3.7855,-0.016000032
37372,178715,4.761250019073486,4.74525,4.76025,4.76425,-0.015999794
37834,179188,2.9337499141693115,2.918,2.93225,2.93625,-0.015749931
37757,179111,3.3037500381469727,3.288,3.30375,3.30825,-0.015749931
38859,180263,4.330249786376953,4.3145,4.329,4.333,-0.015749931
38017,179383,3.039750099182129,3.02425,3.04,3.04375,-0.015500069
38346,179714,5.269999980926514,5.2545,5.26975,5.27325,-0.015500069
38777,180181,2.9922499656677246,2.97675,2.992,2.996,-0.015500069
38022,179388,3.539249897003174,3.524,3.5375,3.542,-0.015249968
38893,180297,4.384250164031982,4.36925,4.38125,4.387,-0.015000343
37995,179361,5.498000144958496,5.483,5.4955,5.50075,-0.015000343
38330,179698,2.2690000534057617,2.254,2.26825,2.27225,-0.015000105
36016,177012,2.401249885559082,2.3865,2.3935,2.404,-0.014750004
36051,177047,0.7242500185966492,0.7095,0.71625,0.72475,-0.014750004
39059,180468,6.164750099182129,6.1505,6.15825,6.1675,-0.0142502785
36004,177000,2.4312500953674316,2.41725,2.42275,2.43325,-0.014000177
35723,176718,5.239999771118164,5.226,5.23825,5.244,-0.013999939
35678,176673,5.529250144958496,5.51525,5.52875,5.5325,-0.013999939
38195,179561,5.475500106811523,5.4615,5.47575,5.481,-0.013999939
38020,179386,3.0117499828338623,2.998,3.01125,3.01525,-0.013750076
36904,178225,6.31374979019165,6.3,6.31275,6.316,-0.013749599
35925,176921,3.811500072479248,3.79825,3.809,3.813,-0.0132501125
38275,179643,5.298999786376953,5.28575,5.29775,5.302,-0.013249874
39082,180491,1.8535000085830688,1.8405,1.8525,1.8565,-0.013000011
38624,179993,1.9162499904632568,1.90325,1.915,1.918,-0.013000011
35964,176960,1.7977499961853027,1.78475,1.79775,1.80175,-0.013000011
36673,177987,3.4695000648498535,3.45675,3.4675,3.471,-0.012750149
38617,179986,3.7417500019073486,3.729,3.73725,3.744,-0.01274991
37247,178588,2.6347498893737793,2.622,2.63475,2.63875,-0.01274991
37363,178706,4.803249835968018,4.7905,4.802,4.80475,-0.012749672
37028,178349,5.339000225067139,5.3265,5.33625,5.3415,-0.012500286
37753,179107,3.911250114440918,3.89875,3.91025,3.91325,-0.012500048
35600,176538,6.625999927520752,6.61375,6.62525,6.63,-0.012249947
35580,176518,6.5295000076293945,6.51725,6.52725,6.532,-0.012249947
39386,180805,3.794250011444092,3.782,3.79225,3.79625,-0.012249947
38452,179820,3.347749948501587,3.3355,3.34775,3.35225,-0.012249947
38338,179706,5.247499942779541,5.2355,5.24725,5.25125,-0.012000084
36048,177044,0.7212499976158142,0.70925,0.71675,0.7225,-0.012000024
38037,179403,4.714749813079834,4.70275,4.71375,4.71725,-0.011999607
37176,178516,4.774250030517578,4.7625,4.7715,4.77575,-0.011750221
37755,179109,2.4342501163482666,2.4225,2.43025,2.43725,-0.011750221
38274,179642,5.259500026702881,5.24775,5.2575,5.26275,-0.011750221
39113,180522,1.0740000009536743,1.06225,1.07175,1.0755,-0.011749983
39116,180525,2.1559998989105225,2.14425,2.15525,2.15875,-0.011749983
38301,179669,5.270999908447266,5.25925,5.27,5.27425,-0.011749744
36063,177059,4.394000053405762,4.38275,4.39325,4.398,-0.011250019
36795,178116,1.284250020980835,1.27325,1.2825,1.28675,-0.011000037
35958,176954,2.1367499828338623,2.12575,2.13625,2.13975,-0.010999918
36984,178305,3.322499990463257,3.3115,3.3215,3.327,-0.010999918
37120,178459,6.192999839782715,6.182,6.19275,6.1955,-0.01099968
37652,179003,2.740999937057495,2.73025,2.74,2.74425,-0.010750055
39339,180758,6.303999900817871,6.29325,6.30275,6.307,-0.010749817
35688,176683,6.493249893188477,6.4825,6.493,6.4955,-0.010749817
36789,178110,1.5417499542236328,1.53125,1.53925,1.5435,-0.010499954
38128,179494,5.742249965667725,5.73175,5.7425,5.74675,-0.010499954
39335,180754,6.302499771118164,6.292,6.30025,6.305,-0.010499954
35871,176867,2.1127500534057617,2.10225,2.1125,2.116,-0.010499954
39340,180759,6.308000087738037,6.29775,6.30675,6.312,-0.010250092
37904,179260,4.04325008392334,4.033,4.04025,4.04575,-0.010250092
37431,178774,0.8034999966621399,0.79325,0.8035,0.8075,-0.010249972
36013,177009,4.540750026702881,4.53075,4.54025,4.54525,-0.010000229
35487,176425,5.894750118255615,5.88475,5.892,5.8975,-0.010000229
36019,177015,3.6842501163482666,3.67425,3.683,3.68675,-0.010000229
38598,179967,5.333250045776367,5.32325,5.33175,5.33625,-0.010000229
37384,178727,2.434000015258789,2.424,2.43375,2.438,-0.00999999
36049,177045,1.219249963760376,1.20925,1.2165,1.22075,-0.00999999
39362,180781,6.303999900817871,6.294,6.30375,6.30675,-0.009999752
38072,179438,5.651249885559082,5.64125,5.64925,5.65375,-0.009999752
37993,179359,4.666999816894531,4.657,4.666,4.67025,-0.009999752
35582,176520,6.61299991607666,6.6035,6.61075,6.616,-0.009500027
38467,179835,6.17425012588501,6.16475,6.174,6.179,-0.009500027
37206,178547,6.21274995803833,6.20325,6.21125,6.21575,-0.009500027
35992,176988,5.57450008392334,5.56525,5.5725,5.5775,-0.009250164
36061,177057,4.728750228881836,4.7195,4.728,4.73275,-0.009250164
38478,179846,5.722750186920166,5.71375,5.72275,5.72675,-0.009000301
36031,177027,1.371250033378601,1.36225,1.3705,1.37325,-0.009000063
36985,178306,3.5394999980926514,3.5305,3.53825,3.5425,-0.009000063
37009,178330,5.444499969482422,5.4355,5.4435,5.44775,-0.0089998245
35603,176541,6.124499797821045,6.1155,6.12225,6.1275,-0.0089998245
35605,176543,6.473999977111816,6.465,6.47275,6.47575,-0.0089998245
38699,180101,0.5352500081062317,0.5265,0.5335,0.53775,-0.008750021
36045,177041,0.721750020980835,0.713,0.719,0.724,-0.008750021
37008,178329,5.369999885559082,5.36125,5.36875,5.37325,-0.008749962
35578,176516,6.627500057220459,6.61875,6.6255,6.62925,-0.008749962
36992,178313,5.44950008392334,5.44075,5.44975,5.45425,-0.008749962
36012,177008,4.572750091552734,4.564,4.573,4.577,-0.008749962
37969,179335,1.4179999828338623,1.40925,1.417,1.4205,-0.008749962
38477,179845,6.236249923706055,6.22775,6.236,6.2415,-0.008500099
38571,179940,4.6242499351501465,4.61575,4.624,4.63025,-0.008500099
38596,179965,5.283750057220459,5.27525,5.2825,5.287,-0.008500099
35835,176831,7.8445000648498535,7.836,7.844,7.847,-0.008500099
37476,178819,1.8937499523162842,1.88525,1.8925,1.897,-0.00849998
38474,179842,6.207749843597412,6.19925,6.208,6.21275,-0.008499622
39016,180425,6.822500228881836,6.81425,6.82175,6.82525,-0.0082502365
38463,179831,6.145750045776367,6.1375,6.14575,6.14975,-0.0082502365
38731,180133,2.035749912261963,2.0275,2.0345,2.0375,-0.008249998
37530,178873,5.518249988555908,5.51,5.51775,5.52175,-0.00824976
37628,178979,4.9317498207092285,4.9235,4.9305,4.934,-0.00824976
37696,179047,0.6547499895095825,0.64675,0.65475,0.659,-0.008000016
36972,178293,0.9879999756813049,0.98,0.98875,0.99375,-0.007999957
36990,178311,5.433000087738037,5.425,5.43325,5.43725,-0.007999897
35830,176826,6.88224983215332,6.8745,6.8815,6.8885,-0.0077500343
38475,179843,6.187749862670898,6.18,6.18775,6.192,-0.0077500343
38610,179979,5.254000186920166,5.24625,5.25325,5.2575,-0.0077500343
39058,180467,4.166749954223633,4.159,4.1655,4.17025,-0.0077500343
35488,176426,5.77524995803833,5.7675,5.774,5.77925,-0.0077500343
36020,177016,2.4922499656677246,2.4845,2.491,2.4945,-0.0077500343
37793,179147,6.360000133514404,6.35225,6.35925,6.36275,-0.0077500343
35955,176951,2.9912500381469727,2.9835,2.99025,2.99425,-0.0077500343
37537,178880,5.346749782562256,5.339,5.34575,5.34975,-0.0077495575
35661,176656,4.464250087738037,4.45675,4.46375,4.46875,-0.0075001717
35513,176451,4.286250114440918,4.27875,4.285,4.28925,-0.0075001717
35962,176958,2.9972500801086426,2.98975,2.99625,3.0005,-0.0075001717
39342,180761,6.307000160217285,6.2995,6.30625,6.31275,-0.0075001717
36989,178310,5.438000202178955,5.4305,5.437,5.4415,-0.0075001717
38458,179826,4.580749988555908,4.57325,4.581,4.5865,-0.0075001717
37167,178507,5.450250148773193,5.44275,5.45,5.454,-0.0075001717
37279,178620,6.355000019073486,6.3475,6.35425,6.359,-0.0075001717
37620,178971,5.18625020980835,5.17875,5.185,5.189,-0.0075001717
36973,178294,0.9294999837875366,0.922,0.9295,0.93425,-0.007499993
36058,177054,0.5552499890327454,0.54775,0.55375,0.5565,-0.007499993
38045,179411,2.2042500972747803,2.197,2.20325,2.20725,-0.0072500706
38604,179973,5.3445000648498535,5.33725,5.3445,5.34975,-0.007249832
38946,180352,5.668749809265137,5.6615,5.66925,5.67375,-0.007249832
37756,179110,4.797749996185303,4.7905,4.79575,4.80075,-0.007249832
35486,176424,5.833749771118164,5.8265,5.83325,5.83925,-0.007249832
35586,176524,6.515999794006348,6.50875,6.515,6.5195,-0.007249832
39024,180433,6.69350004196167,6.68625,6.692,6.696,-0.007249832
37907,179263,4.299749851226807,4.29275,4.29925,4.30225,-0.0069999695
38607,179976,5.383500099182129,5.3765,5.383,5.388,-0.0069999695
38095,179461,3.9977500438690186,3.99075,3.99725,4.00075,-0.0069999695
39412,180832,5.809999942779541,5.803,5.80925,5.813,-0.0069999695
38609,179978,5.288000106811523,5.281,5.28775,5.29275,-0.0069999695
35963,176959,3.0022499561309814,2.99525,3.0015,3.00675,-0.0069999695
37795,179149,6.374499797821045,6.3675,6.374,6.37875,-0.0069999695
39115,180524,5.103000164031982,5.096,5.103,5.1075,-0.0069999695
36987,178308,5.2729997634887695,5.266,5.27325,5.278,-0.0069999695
37204,178545,5.8147501945495605,5.80775,5.8145,5.82,-0.0069999695
37531,178874,5.536250114440918,5.5295,5.536,5.53925,-0.006750107
37594,178937,4.219749927520752,4.213,4.2195,4.22425,-0.006750107
36059,177055,4.36775016784668,4.361,4.3665,4.36975,-0.006750107
35802,176797,7.5042500495910645,7.4975,7.50325,7.50875,-0.006750107
38608,179977,5.276500225067139,5.26975,5.276,5.28175,-0.006750107
37799,179153,6.375500202178955,6.36875,6.3755,6.37925,-0.006750107
38190,179556,4.507500171661377,4.50075,4.50725,4.511,-0.006750107
38369,179737,5.613749980926514,5.607,5.61375,5.6175,-0.006750107
36015,177011,2.4852499961853027,2.4785,2.48425,2.48875,-0.006750107
38337,179705,4.510499954223633,4.50375,4.511,4.51425,-0.006750107
35493,176431,5.834750175476074,5.828,5.8345,5.84175,-0.006750107
35515,176453,4.416749954223633,4.41,4.4155,4.42075,-0.006750107
38704,180106,1.8574999570846558,1.85075,1.85675,1.86125,-0.0067499876
38137,179503,3.7957499027252197,3.789,3.7955,3.79875,-0.0067498684
37272,178613,4.564000129699707,4.5575,4.564,4.56775,-0.006500244
38053,179419,4.3420000076293945,4.3355,4.3405,4.3445,-0.006500244
35841,176837,7.400000095367432,7.3935,7.40025,7.40425,-0.006500244
37694,179045,5.352250099182129,5.34575,5.352,5.356,-0.006500244
39383,180802,6.195250034332275,6.18875,6.19525,6.1995,-0.006500244
37243,178584,3.157749891281128,3.15125,3.15775,3.16075,-0.0065000057
35961,176957,3.0102500915527344,3.00375,3.0095,3.01425,-0.0065000057
37005,178326,2.325000047683716,2.3185,2.32425,2.328,-0.0065000057
37617,178968,0.5892500281333923,0.58275,0.5885,0.5945,-0.0065000057
38075,179441,1.3332500457763672,1.32675,1.33275,1.3375,-0.0065000057
37006,178327,5.248499870300293,5.242,5.24875,5.25325,-0.0064997673
36022,177018,4.645249843597412,4.63875,4.64525,4.6485,-0.0064997673
37185,178525,4.01924991607666,4.01275,4.0195,4.02325,-0.0064997673
35843,176839,7.945499897003174,7.939,7.9445,7.94975,-0.0064997673
37972,179338,5.692999839782715,5.6865,5.692,5.696,-0.0064997673
37601,178944,4.2517499923706055,4.24525,4.25125,4.25475,-0.0064997673
38361,179729,5.39900016784668,5.39275,5.399,5.402,-0.0062503815
38368,179736,5.6307501792907715,5.6245,5.63075,5.63425,-0.0062503815
37379,178722,5.52400016784668,5.51775,5.523,5.5265,-0.0062503815
37602,178945,4.156750202178955,4.1505,4.15575,4.1595,-0.0062503815
35696,176691,3.1252501010894775,3.119,3.1245,3.128,-0.006250143
38329,179697,2.0880000591278076,2.08175,2.087,2.091,-0.006250143
35612,176550,3.864500045776367,3.85825,3.8645,3.86875,-0.006250143
35611,176549,3.5215001106262207,3.51525,3.5205,3.5245,-0.006250143
39166,180585,3.0527501106262207,3.0465,3.052,3.05675,-0.006250143
36062,177058,3.989500045776367,3.98325,3.98825,3.9925,-0.006250143
38021,179387,1.524749994277954,1.5185,1.5255,1.53025,-0.006250024
38878,180282,2.143749952316284,2.1375,2.144,2.14925,-0.0062499046
35831,176827,7.338500022888184,7.33225,7.3375,7.34175,-0.0062499046
35842,176838,6.507999897003174,6.50175,6.5075,6.5125,-0.0062499046
35844,176840,7.690000057220459,7.68375,7.69025,7.69375,-0.0062499046
35794,176789,3.2947499752044678,3.2885,3.2935,3.29825,-0.0062499046
37663,179014,1.8804999589920044,1.87425,1.88,1.884,-0.0062499046
39382,180801,5.946249961853027,5.94,5.94625,5.951,-0.0062499046
35490,176428,5.924749851226807,5.9185,5.925,5.933,-0.0062499046
36874,178195,5.527750015258789,5.5215,5.5265,5.53075,-0.0062499046
37286,178628,1.1637500524520874,1.15775,1.1625,1.166,-0.006000042
38358,179726,4.83650016784668,4.8305,4.836,4.84025,-0.006000042
38858,180262,4.9332499504089355,4.92725,4.9335,4.93775,-0.006000042
38574,179943,2.112499952316284,2.1065,2.1125,2.11675,-0.006000042
39165,180584,2.479249954223633,2.47325,2.47875,2.48275,-0.006000042
36921,178242,6.109749794006348,6.10375,6.10925,6.11325,-0.005999565
38023,179389,4.788249969482422,4.7825,4.7875,4.7915,-0.0057501793
36017,177013,4.472249984741211,4.4665,4.472,4.47525,-0.0057501793
36903,178224,5.419250011444092,5.4135,5.4185,5.423,-0.0057501793
39389,180808,5.209249973297119,5.2035,5.209,5.214,-0.0057501793
36873,178194,5.531750202178955,5.526,5.53075,5.53475,-0.0057501793
37276,178617,6.924499988555908,6.91875,6.92475,6.92875,-0.0057501793
37534,178877,5.557250022888184,5.5515,5.5565,5.55975,-0.0057501793
35584,176522,6.601500034332275,6.59575,6.6005,6.604,-0.0057501793
39120,180529,4.392000198364258,4.38625,4.392,4.398,-0.0057501793
37980,179346,3.1730000972747803,3.16725,3.1725,3.176,-0.0057501793
35725,176720,5.18149995803833,5.17575,5.18075,5.1855,-0.0057501793
37139,178478,7.140250205993652,7.1345,7.14075,7.145,-0.0057501793
36001,176997,2.5582499504089355,2.5525,2.55725,2.56175,-0.005749941
38733,180135,1.9792499542236328,1.9735,1.9785,1.9825,-0.005749941
35926,176922,3.445499897003174,3.43975,3.4445,3.449,-0.005749941
38889,180293,5.533249855041504,5.5275,5.53275,5.53575,-0.0057497025
37271,178612,6.818999767303467,6.81325,6.819,6.8235,-0.0057497025
39025,180434,6.716000080108643,6.7105,6.7155,6.71875,-0.0055003166
38584,179953,5.841000080108643,5.8355,5.84075,5.8445,-0.0055003166
37169,178509,6.11175012588501,6.10625,6.11125,6.11575,-0.0055003166
35606,176544,5.665500164031982,5.66,5.665,5.6685,-0.0055003166
39015,180424,6.7870001792907715,6.7815,6.78675,6.79,-0.0055003166
37668,179019,6.709750175476074,6.70425,6.7095,6.7135,-0.0055003166
39410,180830,5.400000095367432,5.3945,5.4,5.4035,-0.0055003166
38328,179696,2.0875000953674316,2.082,2.08675,2.0915,-0.005500078
38371,179739,1.1917500495910645,1.18625,1.19175,1.19575,-0.005500078
38706,180108,3.6714999675750732,3.666,3.671,3.67575,-0.005500078
37616,178967,0.5227500200271606,0.51725,0.5235,0.529,-0.0055000186
35787,176782,0.5382500290870667,0.53275,0.5375,0.5425,-0.0055000186
37284,178626,1.1057499647140503,1.10025,1.10425,1.10825,-0.005499959
37201,178542,1.2257499694824219,1.22025,1.22625,1.23675,-0.005499959
38637,180006,1.9247499704360962,1.91925,1.924,1.9275,-0.005499959
39171,180590,5.902750015258789,5.89725,5.90225,5.90675,-0.00549984
37274,178615,4.448999881744385,4.4435,4.449,4.45325,-0.00549984
38025,179391,4.752749919891357,4.74725,4.7515,4.75525,-0.00549984
35731,176726,6.2542500495910645,6.24875,6.254,6.25975,-0.00549984
37978,179344,6.055500030517578,6.05,6.055,6.05925,-0.00549984
38459,179827,4.783750057220459,4.77825,4.7845,4.79,-0.00549984
35596,176534,6.746500015258789,6.741,6.7455,6.7495,-0.00549984
38089,179455,5.446249961853027,5.44075,5.44525,5.44975,-0.00549984
37859,179213,5.311500072479248,5.306,5.31125,5.3155,-0.00549984
35990,176986,6.197500228881836,6.19225,6.19775,6.202,-0.005250454
38613,179982,3.911250114440918,3.906,3.91125,3.9155,-0.0052502155
39112,180521,1.4005000591278076,1.39525,1.3995,1.40525,-0.0052500963
35864,176860,1.9287500381469727,1.9235,1.92825,1.93225,-0.0052500963
38093,179459,0.5087500214576721,0.5035,0.5075,0.51275,-0.0052500367
37273,178614,2.809499979019165,2.80425,2.80925,2.81425,-0.005249977
37270,178611,2.7690000534057617,2.76375,2.76875,2.774,-0.005249977
37634,178985,4.987249851226807,4.982,4.98725,4.9915,-0.005249977
37661,179012,1.784999966621399,1.77975,1.78475,1.78775,-0.005249977
35921,176917,6.334249973297119,6.329,6.3335,6.33775,-0.005249977
39057,180466,1.812250018119812,1.807,1.81175,1.8165,-0.005249977
38028,179394,2.66825008392334,2.663,2.66775,2.6725,-0.005249977
35939,176935,5.6932501792907715,5.688,5.693,5.69725,-0.005249977
37257,178598,6.314000129699707,6.30875,6.314,6.31825,-0.005249977
39042,180451,7.032750129699707,7.0275,7.0325,7.0365,-0.005249977
35528,176466,4.795750141143799,4.7905,4.7955,4.79925,-0.005249977
38450,179818,3.028249979019165,3.023,3.028,3.03225,-0.005249977
36768,178089,3.042249917984009,3.037,3.04125,3.045,-0.005249977
35773,176768,6.658249855041504,6.653,6.65825,6.662,-0.005249977
39186,180605,2.023750066757202,2.01875,2.024,2.02825,-0.0050001144
37631,178982,4.888750076293945,4.88375,4.8885,4.894,-0.0050001144
37699,179050,4.040750026702881,4.03575,4.04,4.04325,-0.0050001144
37249,178590,2.911750078201294,2.90675,2.91075,2.9145,-0.0050001144
35840,176836,8.1875,8.1825,8.18725,8.1925,-0.0050001144
38606,179975,5.736999988555908,5.732,5.737,5.74125,-0.0050001144
38027,179393,3.1847500801086426,3.17975,3.184,3.18825,-0.0050001144
35722,176717,5.261499881744385,5.2565,5.2615,5.2655,-0.0050001144
38052,179418,4.33050012588501,4.3255,4.3295,4.3335,-0.0050001144
38058,179424,5.920750141143799,5.91575,5.91975,5.92375,-0.0050001144
35602,176540,6.091000080108643,6.086,6.09,6.09275,-0.0050001144
37627,178978,5.1332502365112305,5.12825,5.133,5.13875,-0.0050001144
37376,178719,3.046250104904175,3.04125,3.046,3.0505,-0.0050001144
37261,178602,2.303499937057495,2.2985,2.30325,2.307,-0.004999876
36928,178249,2.0824999809265137,2.0775,2.0835,2.0905,-0.004999876
38895,180299,3.914249897003174,3.90925,3.91325,3.9185,-0.004999876
36862,178183,3.4302499294281006,3.42525,3.43,3.4335,-0.004999876
35837,176833,7.718999862670898,7.714,7.719,7.72275,-0.0049996376
35795,176790,5.69474983215332,5.68975,5.694,5.6985,-0.0049996376
37195,178535,6.182250022888184,6.1775,6.18225,6.18875,-0.004750252
37278,178619,6.82450008392334,6.81975,6.8255,6.82875,-0.004750252
39049,180458,6.979750156402588,6.975,6.97875,6.98275,-0.004750252
37953,179319,5.385000228881836,5.38025,5.38475,5.3895,-0.004750252
38597,179966,5.278250217437744,5.2735,5.27825,5.2835,-0.004750252
38024,179390,4.728250026702881,4.7235,4.727,4.731,-0.004750252
39404,180824,4.312250137329102,4.3075,4.31125,4.3155,-0.004750252
38906,180310,5.606500148773193,5.60175,5.607,5.61,-0.004750252
37225,178566,6.160250186920166,6.1555,6.15975,6.1645,-0.004750252
38291,179659,3.6554999351501465,3.65075,3.65525,3.65925,-0.0047500134
35728,176723,1.0947500467300415,1.09,1.095,1.0995,-0.0047500134
39037,180446,1.7412500381469727,1.7365,1.74125,1.7455,-0.0047500134
37606,178949,2.1082499027252197,2.1035,2.107,2.11225,-0.0047500134
36057,177053,1.0577499866485596,1.053,1.0575,1.05975,-0.0047500134
37375,178718,2.8787500858306885,2.874,2.878,2.8815,-0.0047500134
37662,179013,1.997499942779541,1.99275,1.99775,2.00075,-0.004749894
35766,176761,1.4562499523162842,1.4515,1.456,1.46,-0.004749894
35730,176725,6.2457499504089355,6.241,6.246,6.249,-0.004749775
39384,180803,5.574749946594238,5.57,5.57525,5.57925,-0.004749775
39021,180430,6.890999794006348,6.88625,6.89075,6.898,-0.004749775
35676,176671,4.77524995803833,4.7705,4.77525,4.78,-0.004749775
37748,179102,4.167749881744385,4.163,4.16775,4.17225,-0.004749775
37170,178510,6.092249870300293,6.0875,6.09125,6.09575,-0.004749775
37849,179203,7.361249923706055,7.3565,7.37125,7.37475,-0.004749775
38877,180281,5.490749835968018,5.486,5.491,5.49525,-0.004749775
35994,176990,6.402500152587891,6.398,6.4025,6.4075,-0.004500389
37290,178632,4.140250205993652,4.13575,4.14,4.144,-0.004500389
37637,178988,4.916250228881836,4.91175,4.916,4.9205,-0.004500389
36902,178223,5.12375020980835,5.11925,5.1235,5.12775,-0.004500389
35769,176764,7.331250190734863,7.32675,7.33075,7.33575,-0.004500389
38006,179372,3.440000057220459,3.4355,3.43925,3.444,-0.0045001507
38741,180145,3.099250078201294,3.09475,3.09875,3.10375,-0.0045001507
38944,180350,3.821500062942505,3.817,3.82225,3.82625,-0.0045001507
38557,179926,1.9832500219345093,1.97875,1.98425,1.98925,-0.0045000315
37283,178625,1.1407500505447388,1.13625,1.14,1.14375,-0.0045000315
35788,176783,0.621749997138977,0.61725,0.62175,0.627,-0.004499972
36043,177039,0.8777499794960022,0.87325,0.8775,0.88,-0.004499972
37027,178348,5.28849983215332,5.284,5.28875,5.29275,-0.0044999123
37015,178336,5.38100004196167,5.3765,5.3805,5.3855,-0.0044999123
38048,179414,4.321000099182129,4.3165,4.32,4.324,-0.0044999123
37140,178479,4.525000095367432,4.5205,4.5255,4.53025,-0.0044999123
38623,179992,2.4917500019073486,2.48725,2.4915,2.496,-0.0044999123
37747,179101,6.863249778747559,6.85875,6.86325,6.8665,-0.0044999123
35800,176795,7.1832499504089355,7.17875,7.183,7.187,-0.0044999123
39409,180829,6.98675012588501,6.98225,6.98775,6.991,-0.0044999123
37599,178942,2.0522499084472656,2.04775,2.0525,2.0565,-0.0044999123
37625,178976,4.856249809265137,4.85175,4.856,4.8605,-0.0044999123
39022,180431,6.884500026702881,6.88,6.88425,6.887,-0.0044999123
39023,180432,6.861000061035156,6.85675,6.8605,6.86525,-0.0042500496
37268,178609,6.9004998207092285,6.89625,6.9005,6.905,-0.0042500496
35494,176432,5.714250087738037,5.71,5.713,5.718,-0.0042500496
35801,176796,6.729249954223633,6.725,6.72925,6.73425,-0.0042500496
38327,179695,2.433000087738037,2.42875,2.43275,2.437,-0.0042500496
39045,180454,3.7377500534057617,3.7335,3.73725,3.741,-0.0042500496
35861,176857,1.9322500228881836,1.928,1.9315,1.93575,-0.0042500496
37840,179194,3.5762500762939453,3.572,3.57575,3.57975,-0.0042500496
36894,178215,6.299749851226807,6.2955,6.3,6.30425,-0.0042500496
37106,178445,5.660749912261963,5.6565,5.66075,5.6665,-0.0042500496
35799,176794,5.362750053405762,5.3585,5.3625,5.36525,-0.0042500496
36895,178216,6.306250095367432,6.302,6.306,6.3105,-0.0042500496
37309,178651,3.8577499389648438,3.8535,3.858,3.86125,-0.0042500496
36863,178184,5.114250183105469,5.11,5.114,5.11875,-0.0042500496
37242,178583,3.655750036239624,3.6515,3.655,3.65975,-0.0042500496
37269,178610,2.487499952316284,2.48325,2.487,2.49175,-0.0042500496
37636,178987,4.884749889373779,4.8805,4.8845,4.8875,-0.0042500496
38099,179465,2.5502500534057617,2.546,2.55,2.55375,-0.0042500496
37190,178530,6.144750118255615,6.1405,6.145,6.15025,-0.0042500496
35489,176427,5.752749919891357,5.7485,5.75275,5.758,-0.0042500496
35960,176956,2.0017499923706055,1.9975,2.00175,2.006,-0.0042500496
38641,180010,2.0152499675750732,2.011,2.0155,2.01975,-0.0042500496
35875,176871,5.779749870300293,5.7755,5.77975,5.7835,-0.0042500496
37287,178629,1.9532500505447388,1.949,1.95325,1.95875,-0.0042500496
35771,176766,6.652249813079834,6.648,6.6525,6.65675,-0.0042500496
38409,179777,3.99399995803833,3.98975,3.99425,3.998,-0.0042500496
35940,176936,1.9487500190734863,1.9445,1.9485,1.954,-0.0042500496
39380,180799,4.676750183105469,4.6725,4.67675,4.68075,-0.0042500496
35867,176863,1.6962499618530273,1.692,1.696,1.7,-0.0042499304
36007,177003,2.8087499141693115,2.8045,2.808,2.8115,-0.004249811
39048,180457,2.601749897003174,2.5975,2.602,2.60675,-0.004249811
38640,180009,2.338749885559082,2.3345,2.33875,2.343,-0.004249811
38892,180296,3.973249912261963,3.969,3.9725,3.97625,-0.004249811
35724,176719,5.232999801635742,5.22875,5.23825,5.244,-0.0042495728
37983,179349,4.0269999504089355,4.023,4.027,4.031,-0.004000187
35923,176919,3.6530001163482666,3.649,3.65225,3.656,-0.004000187
35764,176759,5.140250205993652,5.13625,5.1405,5.14475,-0.004000187
36913,178234,6.2557501792907715,6.25175,6.256,6.26,-0.004000187
37301,178643,5.432250022888184,5.42825,5.4325,5.43625,-0.004000187
37630,178981,4.85575008392334,4.85175,4.85475,4.8585,-0.004000187
38097,179463,4.067749977111816,4.06375,4.0675,4.071,-0.004000187
35729,176724,6.546750068664551,6.54275,6.54675,6.552,-0.004000187
37613,178964,0.6652500033378601,0.66125,0.66475,0.6675,-0.004000008
38700,180102,0.6002500057220459,0.59625,0.6,0.604,-0.004000008
37970,179336,0.9319999814033508,0.928,0.93275,0.936,-0.004000008
38703,180105,0.7477499842643738,0.74375,0.74775,0.751,-0.004000008
35542,176480,0.7487499713897705,0.74475,0.74875,0.753,-0.0039999485
37248,178589,2.024749994277954,2.02075,2.0235,2.02825,-0.0039999485
38349,179717,0.9024999737739563,0.8985,0.90225,0.90525,-0.0039999485
38389,179757,2.0855000019073486,2.0815,2.08575,2.08925,-0.0039999485
38900,180304,3.631500005722046,3.6275,3.6315,3.63675,-0.0039999485
36986,178307,2.933500051498413,2.9295,2.93375,2.9385,-0.0039999485
38856,180260,5.460249900817871,5.45625,5.46125,5.4655,-0.00399971
37374,178717,4.927249908447266,4.92325,4.92675,4.932,-0.00399971
36919,178240,6.0617499351501465,6.05775,6.06175,6.066,-0.00399971
37291,178633,5.546249866485596,5.54225,5.54625,5.5505,-0.00399971
35832,176828,7.933499813079834,7.9295,7.9335,7.93775,-0.00399971
35527,176465,4.897250175476074,4.8935,4.898,4.90325,-0.0037503242
38943,180349,4.379000186920166,4.37525,4.37975,4.38425,-0.0037503242
37962,179328,5.001500129699707,4.99775,5.0015,5.0055,-0.0037503242
35736,176731,6.727250099182129,6.7235,6.7275,6.73325,-0.0037503242
35601,176539,5.618500232696533,5.61475,5.61925,5.62275,-0.0037503242
37905,179261,4.286250114440918,4.2825,4.28625,4.29075,-0.0037503242
38600,179969,5.359000205993652,5.35525,5.359,5.36175,-0.0037503242
35988,176984,4.118750095367432,4.115,4.1185,4.1235,-0.0037503242
37258,178599,6.2270002365112305,6.22325,6.227,6.231,-0.0037503242
37474,178817,5.5657501220703125,5.562,5.56575,5.57075,-0.0037503242
38007,179373,3.0985000133514404,3.09475,3.0995,3.10325,-0.0037500858
36060,177056,3.472249984741211,3.4685,3.472,3.4755,-0.0037500858
35996,176992,2.1695001125335693,2.16575,2.17025,2.174,-0.0037500858
38049,179415,3.7355000972747803,3.73175,3.73675,3.767,-0.0037500858
37285,178627,3.3132500648498535,3.3095,3.31275,3.316,-0.0037500858
38124,179490,2.3272500038146973,2.3235,2.32725,2.3315,-0.0037500858
38634,180003,2.1102499961853027,2.1065,2.1095,2.11425,-0.0037500858
39087,180496,2.311500072479248,2.30775,2.3105,2.3155,-0.0037500858
35695,176690,1.5152499675750732,1.5115,1.515,1.5185,-0.0037499666
35732,176727,6.793749809265137,6.79,6.79375,6.79675,-0.0037498474
37228,178569,6.272749900817871,6.269,6.27325,6.2975,-0.0037498474
37632,178983,4.89424991607666,4.8905,4.89375,4.8985,-0.0037498474
35839,176835,8.40999984741211,8.40625,8.41025,8.41425,-0.0037498474
35834,176830,8.312000274658203,8.30825,8.312,8.316,-0.0037498474
38875,180279,6.471749782562256,6.468,6.47225,6.47675,-0.0037498474
38896,180300,4.046750068664551,4.043,4.04575,4.05175,-0.0037498474
37968,179334,4.322999954223633,4.31925,4.32275,4.326,-0.0037498474
39387,180806,2.5427498817443848,2.539,2.5425,2.54675,-0.0037498474
35836,176832,8.293999671936035,8.29025,8.294,8.2985,-0.0037498474
37007,178328,5.313499927520752,5.30975,5.3135,5.31825,-0.0037498474
37168,178508,3.584749937057495,3.581,3.58425,3.588,-0.0037498474
37277,178618,5.19950008392334,5.19575,5.19925,5.20425,-0.0037498474
35833,176829,8.220999717712402,8.21725,8.22075,8.225,-0.0037498474
37275,178616,3.566999912261963,3.56325,3.56675,3.5715,-0.0037498474
38719,180121,1.8907500505447388,1.88725,1.891,1.89425,-0.003500104
38094,179460,0.5712500214576721,0.56775,0.571,0.5765,-0.0035000443
37635,178986,4.879749774932861,4.87625,4.8795,4.885,-0.0034999847
37732,179083,4.538750171661377,4.53525,4.53875,4.5425,-0.0034999847
37633,178984,4.963749885559082,4.96025,4.9635,4.9685,-0.0034999847
35734,176729,6.950250148773193,6.94675,6.95025,6.95725,-0.0034999847
37262,178603,4.098999977111816,4.0955,4.09925,4.1045,-0.0034999847
38032,179398,1.6267499923706055,1.62325,1.6265,1.63,-0.0034999847
36010,177006,4.452750205993652,4.44925,4.45275,4.457,-0.0034999847
36780,178101,3.968250036239624,3.96475,3.96925,3.9735,-0.0034999847
37691,179042,4.0057501792907715,4.00225,4.00525,4.0095,-0.0034999847
35989,176985,5.143249988555908,5.13975,5.14375,5.14875,-0.0034999847
38702,180104,2.3827500343322754,2.37925,2.38275,2.387,-0.0034999847
39084,180493,2.371000051498413,2.3675,2.371,2.374,-0.0034999847
36026,177022,4.4417500495910645,4.43825,4.442,4.44575,-0.0034999847
35492,176430,5.776750087738037,5.77325,5.77675,5.78175,-0.0034999847
38720,180122,2.214250087738037,2.21075,2.21425,2.21825,-0.0034999847
37306,178648,4.516749858856201,4.51325,4.517,4.522,-0.0034999847
37186,178526,3.979249954223633,3.97575,3.97975,3.9835,-0.0034999847
38299,179667,4.574999809265137,4.5715,4.57525,4.57925,-0.0034999847
35793,176788,5.661749839782715,5.65825,5.66125,5.66575,-0.0034999847
38727,180129,1.971750020980835,1.96825,1.9715,1.97575,-0.0034999847
39017,180426,6.875500202178955,6.87225,6.8755,6.88175,-0.003250122
37014,178335,5.225500106811523,5.22225,5.22575,5.22975,-0.003250122
35735,176730,6.768750190734863,6.7655,6.76825,6.7725,-0.003250122
35691,176686,5.032249927520752,5.029,5.03225,5.03775,-0.003250122
37951,179317,2.2360000610351562,2.23275,2.236,2.2405,-0.003250122
36901,178222,5.914750099182129,5.9115,5.91425,5.91975,-0.003250122
35658,176653,3.81850004196167,3.81525,3.8185,3.822,-0.003250122
35659,176654,4.211750030517578,4.2085,4.212,4.21575,-0.003250122
37213,178554,6.407249927520752,6.404,6.40825,6.413,-0.003250122
38636,180005,1.9082499742507935,1.905,1.9075,1.91225,-0.0032500029
38196,179562,1.1514999866485596,1.14825,1.1555,1.1645,-0.0032500029
38314,179682,1.784749984741211,1.7815,1.78425,1.788,-0.0032500029
38724,180126,2.0022499561309814,1.999,2.00225,2.00625,-0.0032500029
38071,179437,1.937749981880188,1.9345,1.938,1.9415,-0.0032500029
35789,176784,0.9257500171661377,0.9225,0.9265,0.93075,-0.0032500029
38602,179971,0.6625000238418579,0.65925,0.66275,0.667,-0.0032500029
37852,179206,1.972499966621399,1.96925,1.9725,1.9765,-0.0032500029
38316,179684,3.4887499809265137,3.4855,3.491,3.49525,-0.0032498837
38730,180132,2.1307499408721924,2.1275,2.13075,2.13375,-0.0032498837
38326,179694,2.3534998893737793,2.35025,2.3535,2.3575,-0.0032498837
38723,180125,2.0062499046325684,2.003,2.00575,2.0095,-0.0032498837
38100,179466,3.910749912261963,3.9075,3.911,3.91475,-0.0032498837
36861,178182,5.534249782562256,5.531,5.534,5.53975,-0.0032496452
38616,179985,4.105249881744385,4.102,4.105,4.1105,-0.0032496452
38255,179623,5.521500110626221,5.5185,5.5215,5.52675,-0.0030002594
38615,179984,4.712250232696533,4.70925,4.71275,4.717,-0.0030002594
35739,176734,6.781750202178955,6.77875,6.78175,6.7855,-0.0030002594
39425,180845,5.200250148773193,5.19725,5.20025,5.20525,-0.0030002594
36818,178139,6.5632500648498535,6.56025,6.563,6.569,-0.0030002594
38238,179606,5.551000118255615,5.548,5.55075,5.5555,-0.0030002594
37967,179333,4.390500068664551,4.3875,4.3915,4.39575,-0.0030002594
36767,178088,2.467750072479248,2.46475,2.468,2.47225,-0.003000021
39043,180452,3.706249952316284,3.70325,3.70675,3.7115,-0.003000021
37591,178934,2.103250026702881,2.10025,2.104,2.109,-0.003000021
37956,179322,3.2300000190734863,3.227,3.23375,3.23925,-0.003000021
35869,176865,1.6757500171661377,1.67275,1.67575,1.68025,-0.003000021
38639,180008,1.9132499694824219,1.91025,1.9145,1.91975,-0.003000021
38323,179691,2.2200000286102295,2.217,2.21975,2.225,-0.003000021
37163,178503,2.2387499809265137,2.23575,2.239,2.24425,-0.003000021
37303,178645,0.6047499775886536,0.60175,0.60475,0.60875,-0.0029999614
37846,179200,5.547249794006348,5.54425,5.547,5.55075,-0.0029997826
37960,179326,4.790999889373779,4.788,4.79075,4.79475,-0.0029997826
38356,179724,5.429999828338623,5.427,5.43,5.43375,-0.0029997826
37700,179051,4.896749973297119,4.89375,4.89625,4.8995,-0.0029997826
38832,180236,6.610249996185303,6.60725,6.6105,6.6155,-0.0029997826
37260,178601,5.927999973297119,5.925,5.92775,5.93275,-0.0029997826
38241,179609,5.534999847412109,5.532,5.53475,5.53925,-0.0029997826
37690,179041,4.360249996185303,4.35725,4.36,4.36325,-0.0029997826
39054,180463,5.607250213623047,5.6045,5.6075,5.61225,-0.0027503967
37902,179258,4.1272501945495605,4.1245,4.127,4.13175,-0.0027503967
38603,179972,5.313000202178955,5.31025,5.315,5.31975,-0.0027503967
39046,180455,6.985750198364258,6.983,6.98575,6.98975,-0.0027503967
37259,178600,6.901500225067139,6.89875,6.902,6.9065,-0.0027503967
36765,178086,3.72475004196167,3.722,3.726,3.73,-0.0027501583
37853,179207,2.430000066757202,2.42725,2.43025,2.43375,-0.0027501583
35517,176455,3.339250087738037,3.3365,3.33975,3.34425,-0.0027501583
35790,176785,1.371749997138977,1.369,1.37225,1.3775,-0.002750039
37013,178334,1.2230000495910645,1.22025,1.22375,1.228,-0.002750039
38732,180134,1.975250005722046,1.9725,1.976,1.9795,-0.002750039
37364,178707,1.5737500190734863,1.571,1.574,1.5765,-0.002750039
39388,180807,1.5492500066757202,1.5465,1.549,1.554,-0.002750039
39047,180456,3.015749931335449,3.013,3.0165,3.02125,-0.00274992
39426,180846,5.207749843597412,5.205,5.20775,5.21175,-0.00274992
38797,180201,4.534249782562256,4.5315,4.53425,4.53875,-0.00274992
37689,179040,4.046249866485596,4.0435,4.04675,4.05125,-0.00274992
38264,179632,3.1575000286102295,3.15475,3.15825,3.16175,-0.00274992
38355,179723,5.392499923706055,5.38975,5.39225,5.396,-0.00274992
38861,180265,3.39424991607666,3.3915,3.39425,3.39825,-0.00274992
39280,180699,4.717750072479248,4.715,4.71775,4.722,-0.00274992
38870,180274,2.2774999141693115,2.27475,2.27775,2.281,-0.00274992
38115,179481,4.65749979019165,4.65475,4.658,4.66275,-0.00274992
38717,180119,2.1142499446868896,2.1115,2.114,2.11725,-0.00274992
37108,178447,5.225249767303467,5.2225,5.2265,5.23075,-0.00274992
36855,178176,2.4857499599456787,2.483,2.48575,2.49,-0.00274992
37883,179239,5.693749904632568,5.691,5.69375,5.698,-0.00274992
37952,179318,2.1679999828338623,2.16525,2.16825,2.17325,-0.00274992
38894,180298,4.092750072479248,4.09025,4.093,4.09825,-0.0025000572
37741,179095,2.399749994277954,2.39725,2.39975,2.404,-0.0025000572
37624,178975,4.841750144958496,4.83925,4.843,4.848,-0.0025000572
39138,180547,1.7642500400543213,1.76175,1.76475,1.76925,-0.0025000572
36771,178092,3.234250068664551,3.23175,3.234,3.238,-0.0025000572
35868,176864,1.690750002861023,1.68825,1.69275,1.6975,-0.0025000572
38635,180004,2.1072499752044678,2.10475,2.10725,2.11175,-0.0025000572
38753,180157,3.166749954223633,3.16425,3.167,3.171,-0.0025000572
37267,178608,6.826000213623047,6.8235,6.82675,6.8315,-0.0025000572
36872,178193,5.533249855041504,5.53075,5.53325,5.53775,-0.0025000572
39065,180474,1.9455000162124634,1.943,1.94575,1.94975,-0.0025000572
36996,178317,5.651500225067139,5.649,5.652,5.6555,-0.0025000572
39038,180447,4.3782501220703125,4.37575,4.3785,4.382,-0.0025000572
37758,179112,4.8807501792907715,4.87825,4.88575,4.892,-0.0025000572
38446,179814,5.023749828338623,5.02125,5.02375,5.02775,-0.0025000572
38237,179605,5.591000080108643,5.5885,5.5915,5.59625,-0.0025000572
38239,179607,5.623000144958496,5.6205,5.62325,5.62775,-0.0025000572
37766,179120,3.27524995803833,3.27275,3.275,3.2785,-0.0025000572
38857,180261,5.171750068664551,5.16925,5.172,5.17725,-0.0025000572
38242,179610,5.552999973297119,5.5505,5.55325,5.55875,-0.0025000572
38243,179611,5.5329999923706055,5.5305,5.5335,5.53725,-0.0025000572
38419,179787,3.508500099182129,3.506,3.50875,3.5135,-0.0025000572
38245,179613,5.639500141143799,5.637,5.6395,5.64525,-0.0025000572
38248,179616,5.505499839782715,5.503,5.50575,5.511,-0.0025000572
38068,179434,4.601250171661377,4.59875,4.60125,4.606,-0.0025000572
38642,180011,2.0082499980926514,2.00575,2.0085,2.0125,-0.0025000572
38370,179738,5.612249851226807,5.60975,5.61275,5.61675,-0.0025000572
38254,179622,5.506999969482422,5.5045,5.5075,5.5125,-0.0025000572
38614,179983,4.661749839782715,4.65925,4.664,4.6695,-0.0025000572
38860,180264,5.141250133514404,5.13875,5.14225,5.14675,-0.0025000572
38092,179458,4.029250144958496,4.02675,4.03025,4.03375,-0.0025000572
35774,176769,7.659749984741211,7.65725,7.65975,7.664,-0.0025000572
37629,178980,4.967249870300293,4.96475,4.96825,4.973,-0.0025000572
37240,178581,1.8112499713897705,1.80875,1.8115,1.81525,-0.002499938
37161,178501,1.1449999809265137,1.1425,1.1455,1.15,-0.002499938
38018,179384,3.6742498874664307,3.67175,3.6745,3.67825,-0.0024998188
39393,180812,2.5127499103546143,2.51025,2.51375,2.518,-0.0024998188
38320,179688,2.251499891281128,2.249,2.2515,2.25575,-0.0024998188
38449,179817,3.272249937057495,3.26975,3.27325,3.27775,-0.0024998188
38649,180018,2.0062499046325684,2.00375,2.00675,2.0115,-0.0024998188
37104,178443,5.379749774932861,5.37725,5.3875,5.39175,-0.0024995804
39427,180847,5.209249973297119,5.207,5.20975,5.214,-0.0022501945
37882,179238,5.699250221252441,5.697,5.69925,5.70375,-0.0022501945
35855,176851,5.0017499923706055,4.9995,5.00225,5.00625,-0.0022501945
36044,177040,1.03725004196167,1.035,1.03725,1.04075,-0.0022500753
35865,176861,1.6722500324249268,1.67,1.6725,1.6765,-0.0022500753
35720,176715,1.8285000324249268,1.82625,1.8285,1.8335,-0.0022500753
36046,177042,1.0832500457763672,1.081,1.083,1.08575,-0.0022500753
36975,178296,0.7095000147819519,0.70725,0.71,0.715,-0.0022500157
38030,179396,2.1857500076293945,2.1835,2.18575,2.18925,-0.0022499561
38029,179395,2.1797499656677246,2.1775,2.17975,2.184,-0.0022499561
38016,179382,3.705749988555908,3.7035,3.706,3.71025,-0.0022499561
36974,178295,0.9294999837875366,0.92725,0.9305,0.93525,-0.0022499561
37281,178622,3.9210000038146973,3.91875,3.9215,3.92675,-0.0022499561
37383,178726,2.48799991607666,2.48575,2.4885,2.49225,-0.0022499561
38725,180127,1.972249984741211,1.97,1.97325,1.97675,-0.0022499561
37589,178932,2.106250047683716,2.104,2.1065,2.11025,-0.0022499561
38716,180118,2.1117498874664307,2.1095,2.11175,2.11475,-0.0022499561
37986,179352,1.4259999990463257,1.42375,1.4265,1.43,-0.0022499561
38633,180002,2.103250026702881,2.101,2.10325,2.1075,-0.0022499561
38036,179402,3.104249954223633,3.102,3.10425,3.10825,-0.0022499561
35956,176952,1.934249997138977,1.932,1.9345,1.9385,-0.0022499561
39109,180518,1.7254999876022339,1.72325,1.726,1.73025,-0.0022499561
39172,180591,2.0717499256134033,2.0695,2.072,2.07725,-0.0022499561
39394,180813,2.4862499237060547,2.484,2.48625,2.4905,-0.0022499561
36671,177985,3.5230000019073486,3.52075,3.523,3.527,-0.0022499561
35503,176441,3.4462499618530273,3.444,3.44725,3.45175,-0.0022499561
38319,179687,2.6937499046325684,2.6915,2.69375,2.69825,-0.0022499561
38321,179689,2.2204999923706055,2.21825,2.2205,2.22525,-0.0022499561
38000,179366,5.802499771118164,5.80025,5.8025,5.807,-0.0022497177
38244,179612,5.560999870300293,5.55875,5.56125,5.5665,-0.0022497177
37196,178536,6.006249904632568,6.004,6.00675,6.01075,-0.0022497177
39014,180423,6.809500217437744,6.8075,6.809,6.81275,-0.0020003319
35535,176473,5.3157501220703125,5.31375,5.316,5.321,-0.0020003319
39414,180834,6.355500221252441,6.3535,6.3625,6.39475,-0.0020003319
37890,179246,5.6957502365112305,5.69375,5.69675,5.70125,-0.0020003319
39044,180453,3.6167500019073486,3.61475,3.61725,3.622,-0.0020000935
37954,179320,3.308500051498413,3.3065,3.30925,3.314,-0.0020000935
38718,180120,2.16225004196167,2.16025,2.1625,2.16575,-0.0020000935
37731,179082,3.403249979019165,3.40125,3.40375,3.407,-0.0020000935
37002,178323,0.7167500257492065,0.71475,0.718,0.72275,-0.0020000339
36032,177028,1.2092499732971191,1.20725,1.21175,1.21575,-0.0019999743
38728,180130,1.9767500162124634,1.97475,1.97775,1.98225,-0.0019999743
39420,180840,1.4232499599456787,1.42125,1.42375,1.429,-0.0019999743
39013,180422,6.611999988555908,6.61,6.61225,6.616,-0.001999855
37885,179241,5.711750030517578,5.70975,5.712,5.7165,-0.001999855
36003,176999,4.178249835968018,4.17625,4.17925,4.1835,-0.001999855
37959,179325,5.700500011444092,5.6985,5.702,5.706,-0.001999855
39193,180612,6.242249965667725,6.24025,6.24325,6.24725,-0.001999855
35534,176472,5.476749897003174,5.47475,5.4775,5.4805,-0.001999855
37198,178538,5.910749912261963,5.90875,5.911,5.91575,-0.001999855
37596,178939,2.1082499027252197,2.10625,2.109,2.11325,-0.001999855
36033,177029,1.2087500095367432,1.207,1.21125,1.216,-0.0017499924
36859,178180,5.666749954223633,5.665,5.66775,5.67225,-0.0017499924
37595,178938,2.106750011444092,2.105,2.10875,2.114,-0.0017499924
38650,180019,2.0062499046325684,2.0045,2.0085,2.013,-0.0017499924
38096,179462,0.5557500123977661,0.554,0.556,0.559,-0.0017499924
38240,179608,5.565499782562256,5.56375,5.56625,5.571,-0.0017499924
37884,179240,5.696249961853027,5.6945,5.697,5.70225,-0.0017499924
37370,178713,2.280750036239624,2.279,2.28125,2.28475,-0.0017499924
37598,178941,2.1107499599456787,2.109,2.11125,2.11525,-0.0017499924
38250,179618,5.498499870300293,5.49675,5.49925,5.50525,-0.0017499924
39381,180800,4.809750080108643,4.808,4.81025,4.81425,-0.0017499924
37029,178350,5.332499980926514,5.33075,5.33575,5.3405,-0.0017499924
38251,179619,5.508999824523926,5.50725,5.50975,5.51475,-0.0017499924
38862,180266,3.915750026702881,3.914,3.91675,3.92325,-0.0017499924
38619,179988,4.1892499923706055,4.1875,4.18975,4.194,-0.0017499924
37751,179105,2.464250087738037,2.4625,2.4645,2.469,-0.0017499924
38252,179620,5.510499954223633,5.50875,5.5115,5.51675,-0.0017499924
37197,178537,3.665250062942505,3.6635,3.66575,3.67025,-0.0017499924
38318,179686,3.288749933242798,3.287,3.2895,3.2945,-0.0017499924
37949,179315,6.065000057220459,6.06325,6.0655,6.06925,-0.0017499924
36811,178132,5.844749927520752,5.84325,5.846,5.84975,-0.0015001297
37895,179251,5.695250034332275,5.69375,5.6965,5.7015,-0.0015001297
37463,178806,4.876500129699707,4.875,4.877,4.881,-0.0015001297
36946,178267,5.675250053405762,5.67375,5.67575,5.6795,-0.0015001297
39041,180450,4.545249938964844,4.54375,4.546,4.55,-0.0015001297
38620,179989,4.428750038146973,4.42725,4.4295,4.434,-0.0015001297
39392,180811,3.645750045776367,3.64425,3.6465,3.65125,-0.0015001297
38638,180007,2.345750093460083,2.34425,2.346,2.35075,-0.0015001297
36038,177034,1.2087500095367432,1.20725,1.2115,1.21575,-0.0015000105
37230,178571,1.4242500066757202,1.42275,1.426,1.431,-0.0015000105
35959,176955,1.9912500381469727,1.98975,1.9915,1.9965,-0.0015000105
36999,178320,0.7202500104904175,0.71875,0.7215,0.72775,-0.0015000105
35791,176786,1.3877500295639038,1.38625,1.3885,1.393,-0.0015000105
36793,178114,1.1112500429153442,1.10975,1.113,1.1175,-0.0015000105
36762,178083,3.282249927520752,3.28075,3.28275,3.286,-0.0014998913
37901,179257,3.7492499351501465,3.74775,3.74975,3.756,-0.0014998913
37752,179106,2.1307499408721924,2.12925,2.1315,2.136,-0.0014998913
38322,179690,2.236999988555908,2.2355,2.23825,2.24225,-0.0014998913
37604,178947,2.098249912261963,2.09675,2.09925,2.10375,-0.0014998913
36787,178108,2.8182499408721924,2.81675,2.823,2.82725,-0.0014998913
36860,178181,5.771249771118164,5.76975,5.773,5.77775,-0.0014996529
39128,180537,6.066249847412109,6.06475,6.06725,6.0715,-0.0014996529
38611,179980,5.250500202178955,5.24925,5.25475,5.26175,-0.001250267
37626,178977,5.16825008392334,5.167,5.16975,5.1755,-0.001250267
39323,180742,4.09975004196167,4.0985,4.10075,4.10525,-0.001250267
38038,179404,4.11175012588501,4.1105,4.113,4.118,-0.001250267
37896,179252,5.696750164031982,5.6955,5.6975,5.7015,-0.001250267
37979,179345,4.456500053405762,4.45525,4.45825,4.46325,-0.001250267
37750,179104,4.927750110626221,4.9265,4.932,4.93675,-0.001250267
38324,179692,2.072999954223633,2.07175,2.07475,2.079,-0.0012500286
35860,176856,1.9252500534057617,1.924,1.9265,1.93175,-0.0012500286
36783,178104,3.727750062942505,3.7265,3.73,3.7345,-0.0012500286
35924,176920,3.6640000343322754,3.66275,3.6655,3.66975,-0.0012500286
38317,179685,2.7997500896453857,2.7985,2.801,2.80525,-0.0012500286
36036,177032,1.2082500457763672,1.207,1.21075,1.21525,-0.0012500286
37232,178573,1.4242500066757202,1.423,1.42625,1.43175,-0.0012500286
36778,178099,3.90625,3.905,3.908,3.91175,-0.0012500286
38726,180128,1.972249984741211,1.971,1.974,1.97775,-0.0012500286
37600,178943,2.09975004196167,2.0985,2.101,2.10525,-0.0012500286
37451,178794,1.5957499742507935,1.5945,1.596,1.6,-0.0012500286
37459,178802,2.096750020980835,2.0955,2.098,2.10175,-0.0012500286
38646,180015,2.0027499198913574,2.0015,2.0045,2.0095,-0.0012500286
38644,180013,2.0022499561309814,2.001,2.00375,2.00775,-0.0012500286
38643,180012,2.0037500858306885,2.0025,2.00575,2.00975,-0.0012500286
38622,179991,3.4382500648498535,3.437,3.43925,3.4435,-0.0012500286
39050,180459,4.154749870300293,4.1535,4.156,4.1605,-0.0012497902
37894,179250,5.705249786376953,5.704,5.706,5.7095,-0.0012497902
38249,179617,5.490499973297119,5.48925,5.49175,5.4975,-0.0012497902
38652,180021,2.0032498836517334,2.002,2.00475,2.009,-0.0012497902
37597,178940,2.102750062942505,2.10175,2.1045,2.10825,-0.0010001659
38772,180176,3.654750108718872,3.65375,3.65575,3.66,-0.0010001659
37966,179332,3.371000051498413,3.37,3.37375,3.3775,-0.0010001659
36751,178068,2.5910000801086426,2.59,2.59325,2.597,-0.0010001659
36878,178199,1.3842500448226929,1.38325,1.386,1.39125,-0.0010000467
37001,178322,0.7182499766349792,0.71725,0.71975,0.72425,-0.0009999871
37461,178804,0.8889999985694885,0.888,0.89025,0.89475,-0.0009999871
36944,178265,2.010999917984009,2.01,2.01225,2.01725,-0.0009999275
38701,180103,2.8117499351501465,2.81075,2.81275,2.81725,-0.0009999275
38645,180014,2.0032498836517334,2.00225,2.00575,2.01,-0.0009999275
36759,178080,3.868000030517578,3.867,3.86975,3.8735,-0.0009999275
37590,178933,2.1072499752044678,2.10625,2.1085,2.11275,-0.0009999275
38647,180016,2.0047500133514404,2.00375,2.008,2.0125,-0.0009999275
35772,176767,6.653749942779541,6.65275,6.65425,6.6585,-0.0009999275
36675,177989,1.9459999799728394,1.945,1.94825,1.952,-0.0009999275
37845,179199,4.608250141143799,4.6075,4.61125,4.6165,-0.00075006485
38653,180022,2.0072500705718994,2.0065,2.0105,2.0145,-0.00075006485
38605,179974,4.730999946594238,4.73025,4.73225,4.7365,-0.00075006485
35909,176905,2.5320000648498535,2.53125,2.53375,2.53825,-0.00075006485
38648,180017,2.0042500495910645,2.0035,2.00675,2.011,-0.00075006485
37963,179329,4.188499927520752,4.18775,4.19,4.19475,-0.00075006485
39296,180715,6.999750137329102,6.999,6.999,6.99925,-0.00075006485
37382,178725,0.8420000076293945,0.84125,0.84375,0.84775,-0.00075000525
37386,178729,0.7975000143051147,0.79675,0.79975,0.80375,-0.00075000525
35862,176858,1.9227499961853027,1.922,1.9245,1.92875,-0.00074994564
35859,176855,1.9217499494552612,1.921,1.92325,1.92825,-0.00074994564
37592,178935,2.101749897003174,2.101,2.10375,2.10725,-0.00074982643
35672,176667,6.999750137329102,6.99925,6.99925,6.99975,-0.0005002022
35671,176666,6.999750137329102,6.99925,6.99925,6.99975,-0.0005002022
39304,180723,6.999750137329102,6.99925,6.99925,6.9995,-0.0005002022
37837,179191,4.98675012588501,4.98625,4.99325,4.99875,-0.0005002022
35858,176854,1.936750054359436,1.93625,1.9385,1.94325,-0.00050008297
35866,176862,1.6687500476837158,1.66825,1.6705,1.675,-0.00050008297
37754,179108,2.461250066757202,2.46075,2.46425,2.4685,-0.00049996376
37861,179215,3.7709999084472656,3.7705,3.77225,3.77675,-0.00049996376
36760,178081,1.0892499685287476,1.08875,1.096,1.10075,-0.00049996376
38729,180131,1.9822499752044678,1.98175,1.98575,1.98975,-0.00049996376
37493,178836,5.4604997634887695,5.46,5.46,5.4605,-0.00049972534
39356,180775,6.999750137329102,6.9995,6.9995,6.99975,-0.0002503395
39301,180720,6.999750137329102,6.9995,6.9995,6.99975,-0.0002503395
39306,180725,6.999750137329102,6.9995,6.9995,6.99975,-0.0002503395
39235,180654,6.999750137329102,6.9995,6.9995,6.99975,-0.0002503395
37645,178996,6.999750137329102,6.9995,6.9995,6.99975,-0.0002503395
37656,179007,6.999750137329102,6.9995,6.9995,6.99975,-0.0002503395
39351,180770,6.999750137329102,6.9995,6.9995,6.99975,-0.0002503395
38978,180384,6.999750137329102,6.9995,6.9995,6.99975,-0.0002503395
35673,176668,6.999750137329102,6.9995,6.9995,6.99975,-0.0002503395
39298,180717,6.999750137329102,6.9995,6.9995,6.99975,-0.0002503395
36298,177518,6.999750137329102,6.9995,6.9995,6.99975,-0.0002503395
38980,180386,6.999750137329102,6.9995,6.9995,6.99975,-0.0002503395
38063,179429,6.999750137329102,6.9995,6.9995,6.99975,-0.0002503395
38721,180123,2.0042500495910645,2.004,2.0065,2.011,-0.0002501011
37022,178343,4.745500087738037,4.74525,4.74775,4.75175,-0.00024986267
35870,176866,4.717750072479248,4.7175,4.7175,4.71775,-0.00024986267
38879,180283,4.19474983215332,4.19475,4.19475,4.19475,0.0
39308,180727,6.999750137329102,6.99975,6.99975,6.99975,0.0
39307,180726,6.999750137329102,6.99975,6.99975,6.99975,0.0
39416,180836,6.999750137329102,6.99975,6.99975,6.99975,0.0
39305,180724,6.999750137329102,6.99975,6.99975,6.99975,0.0
39303,180722,6.999750137329102,6.99975,6.99975,6.99975,0.0
39302,180721,6.999750137329102,6.99975,6.99975,6.99975,0.0
37114,178453,6.999750137329102,6.99975,6.99975,6.99975,0.0
39300,180719,6.999750137329102,6.99975,6.99975,6.99975,0.0
37112,178451,6.999750137329102,6.99975,6.99975,6.99975,0.0
39309,180728,6.999750137329102,6.99975,6.99975,6.99975,0.0
39312,180731,6.999750137329102,6.99975,6.99975,6.99975,0.0
39311,180730,6.999750137329102,6.99975,6.99975,6.99975,0.0
37776,179130,6.999750137329102,6.99975,6.99975,6.99975,0.0
37650,179001,6.999750137329102,6.99975,6.99975,6.99975,0.0
37653,179004,6.999750137329102,6.99975,6.99975,6.99975,0.0
37775,179129,2.2457499504089355,2.24575,2.24575,2.24575,0.0
37111,178450,6.999750137329102,6.99975,6.99975,6.99975,0.0
35677,176672,6.999750137329102,6.99975,6.99975,6.99975,0.0
37110,178449,6.999750137329102,6.99975,6.99975,6.99975,0.0
35675,176670,6.999750137329102,6.99975,6.99975,6.99975,0.0
37658,179009,6.999750137329102,6.99975,6.99975,6.99975,0.0
37109,178448,6.999750137329102,6.99975,6.99975,6.99975,0.0
39310,180729,6.999750137329102,6.99975,6.99975,6.99975,0.0
38061,179427,6.999750137329102,6.99975,6.99975,6.99975,0.0
39299,180718,6.999750137329102,6.99975,6.99975,6.99975,0.0
39295,180714,6.999750137329102,6.99975,6.99975,6.99975,0.0
35873,176869,3.816499948501587,3.8165,3.8165,3.8165,0.0
39092,180501,2.9997498989105225,2.99975,2.99975,2.99975,0.0
39093,180502,2.9997498989105225,2.99975,2.99975,2.99975,0.0
39095,180504,2.9997498989105225,2.99975,2.99975,2.99975,0.0
39096,180505,3.9997498989105225,3.99975,3.99975,3.99975,0.0
37544,178887,2.885499954223633,2.8855,2.8855,2.8855,0.0
38062,179428,6.999750137329102,6.99975,6.99975,6.99975,0.0
38200,179566,6.999750137329102,6.99975,6.99975,6.99975,0.0
37539,178882,3.757499933242798,3.7575,3.7575,3.7575,0.0
36023,177019,5.999750137329102,5.99975,5.99975,5.99975,0.0
37644,178995,6.999750137329102,6.99975,6.99975,6.99975,0.0
36826,178147,2.0875000953674316,2.0875,2.0875,2.0875,0.0
35931,176927,6.999750137329102,6.99975,6.99975,6.99975,0.0
36264,177402,9.999750137329102,9.99975,9.99975,9.99975,0.0
37529,178872,2.0834999084472656,2.0835,2.0835,2.0835,0.0
39294,180713,6.999750137329102,6.99975,6.99975,6.99975,0.0
38060,179426,6.999750137329102,6.99975,6.99975,6.99975,0.0
37647,178998,6.999750137329102,6.99975,6.99975,6.99975,0.0
39233,180652,6.999750137329102,6.99975,6.99975,6.99975,0.0
39293,180712,6.999750137329102,6.99975,6.99975,6.99975,0.0
39237,180656,6.999750137329102,6.99975,6.99975,6.99975,0.0
39292,180711,6.999750137329102,6.99975,6.99975,6.99975,0.0
39291,180710,6.999750137329102,6.99975,6.99975,6.99975,0.0
37538,178881,0.8892499804496765,0.88925,0.88925,0.88925,0.0
39238,180657,6.999750137329102,6.99975,6.99975,6.99975,0.0
35710,176705,2.0652499198913574,2.068,2.081,2.24725,0.0027501583
35807,176802,1.5257500410079956,1.529,1.54275,1.54675,0.0032500029
35712,176707,2.9337499141693115,2.937,2.95425,3.05575,0.003250122
35700,176695,4.905749797821045,4.909,4.92025,4.92325,0.003250122
35716,176711,2.026750087738037,2.0305,2.0445,2.07125,0.0037498474
35718,176713,4.673749923706055,4.6775,4.6895,4.695,0.0037498474
35703,176698,3.582750082015991,3.58675,3.5985,4.32,0.0039999485
35714,176709,5.131249904632568,5.1355,5.146,5.182,0.0042500496
37475,178818,0.8537499904632568,0.85825,0.8635,0.869,0.0045000315
39415,180835,6.338500022888184,6.34325,6.3545,6.38675,0.004749775
37385,178728,0.8149999976158142,0.8205,0.82375,0.8285,0.0055000186
35715,176710,5.153749942779541,5.16,5.17025,5.29775,0.0062499046
39079,180488,1.725000023841858,1.732,1.738,1.75175,0.0069999695
37615,178966,0.6127499938011169,0.6355,0.64175,0.644,0.02275002
37614,178965,0.6052500009536743,0.64,0.64725,0.65075,0.034749985
36672,177986,0.862500011920929,0.90075,0.90425,0.90625,0.03824997
35816,176811,2.4862499237060547,2.529,2.542,2.54875,0.04275012
35822,176817,4.6907501220703125,4.736,4.7495,4.75475,0.04524994
